tk,d_in,d_out,ret,held,near7,spans
AXON,2013-02-05,2013-02-12,0.5394317798919432,5,False,False
LEN,2013-02-21,2013-03-05,0.8685614355414953,8,False,False
PHM,2013-02-26,2013-03-04,0.6169051551113844,4,False,False
GNRC,2013-02-27,2013-04-05,0.0115665217703957,26,False,False
GNRC,2013-03-08,2013-04-16,-0.0342040438008482,26,False,False
EXPE,2013-03-22,2013-04-10,0.2377200458365196,12,False,False
AXON,2013-04-02,2013-04-10,0.2189218788896947,6,False,False
GNRC,2013-04-04,2013-04-25,0.1390875533570412,15,False,False
PHM,2013-04-05,2013-04-24,0.4674435429843023,13,False,False
EXPE,2013-04-16,2013-04-22,0.1947977894062922,4,False,False
PHM,2013-04-16,2013-04-24,0.4945699361030409,6,False,False
GNRC,2013-04-16,2013-04-25,0.148830584077257,7,False,False
SW,2013-04-26,2013-05-09,0.3489510634392788,9,False,False
EXPE,2013-04-29,2013-05-15,0.1619275388468385,12,False,False
MPC,2013-05-01,2013-05-17,0.5246157324833141,12,False,False
PSX,2013-05-02,2013-05-06,0.4918015479499444,2,False,False
NRG,2013-05-30,2013-06-07,0.4386590250601561,6,False,False
KKR,2013-06-04,2013-07-08,0.2768835076681344,23,False,False
APO,2013-06-06,2013-07-11,0.4636351110335596,24,False,False
SW,2013-06-12,2013-07-09,0.4581239152856853,18,False,False
MPC,2013-06-21,2013-07-30,-0.3095055209855845,26,False,False
MCO,2013-06-21,2013-07-24,0.8453146627190705,22,False,False
NRG,2013-06-21,2013-07-08,0.6071283298936333,10,False,False
BX,2013-06-21,2013-07-11,0.2844663671152704,13,False,False
GILD,2013-06-21,2013-07-05,0.5962406542898758,9,False,False
KKR,2013-06-21,2013-07-08,0.16343899960836,10,False,False
APO,2013-06-24,2013-07-11,0.6054661840174914,12,False,False
PSX,2013-06-24,2013-07-31,0.3970545382423149,26,False,False
C,2013-06-24,2013-07-08,0.7981390996468231,9,False,False
REGN,2013-06-24,2013-07-11,0.9695559116403544,12,False,False
BX,2013-07-05,2013-07-11,0.2982645702759361,4,False,False
STZ,2013-07-26,2013-07-31,0.5367073789010203,3,False,False
UAL,2013-08-14,2013-09-10,0.5419163033136193,18,False,False
REGN,2013-08-19,2013-08-26,0.4678868303213657,5,False,False
C,2013-08-28,2013-09-10,0.7399712748339616,8,False,False
HIG,2013-08-28,2013-09-09,0.8127151615811569,7,False,False
CBOE,2013-09-03,2013-10-09,-0.37759375298548,26,False,False
TSN,2013-09-26,2013-10-11,0.3891476654939754,11,False,False
GNRC,2013-10-09,2013-10-21,0.4921562511050624,8,False,False
SCHW,2013-10-09,2013-10-11,0.4783138488409396,2,True,False
TSN,2013-10-21,2013-11-18,0.2556225956652379,20,False,False
APTV,2013-11-06,2013-11-15,0.3656780452770878,7,False,False
MGM,2013-11-08,2013-12-06,0.674963946501306,19,False,False
CHTR,2013-11-12,2013-11-22,0.7756677929311396,8,False,False
AMD,2013-11-13,2013-11-29,0.1499312571597129,11,False,False
LYV,2013-11-18,2013-12-09,0.4725128825240964,14,False,False
META,2013-11-19,2013-12-10,0.5603592714379745,14,False,False
MGM,2013-11-20,2013-12-06,0.6449823744539155,11,False,False
CHTR,2013-11-21,2013-11-22,0.794321092016316,1,False,False
AMD,2013-11-27,2013-11-29,0.290451885048984,1,False,False
BSX,2013-12-05,2013-12-06,0.4137203404234666,1,False,False
CHTR,2013-12-06,2013-12-12,0.1743852400419947,4,False,False
FANG,2013-12-09,2013-12-20,0.6032704503773321,9,False,False
SW,2013-12-17,2013-12-31,1.266938285819232,9,False,False
AXON,2014-01-03,2014-01-08,0.926386580457444,3,False,False
BBY,2014-01-08,2014-02-14,-1.0,26,False,False
FANG,2014-01-10,2014-01-22,0.8709588160643781,7,False,False
DECK,2014-01-17,2014-02-11,0.3793925664429865,16,False,False
TPL,2014-01-28,2014-01-31,0.6396567794425002,3,False,False
CSGP,2014-01-28,2014-02-13,0.705030302316755,12,False,False
BA,2014-01-30,2014-03-10,-0.5432219629645445,26,False,False
SW,2014-02-03,2014-02-12,1.131588495321,7,False,False
BKNG,2014-02-04,2014-02-07,0.7752172102200812,3,False,False
ALGN,2014-02-04,2014-03-13,-0.4247319852052166,26,False,False
TYL,2014-02-07,2014-03-18,-0.2882847613845121,26,False,False
BA,2014-02-26,2014-04-01,-0.0831994703356156,24,False,False
TYL,2014-02-27,2014-04-04,-1.0,26,False,False
DECK,2014-03-03,2014-03-27,0.261471214617585,18,False,False
SMCI,2014-03-12,2014-04-17,-0.1411066380969357,26,False,False
INCY,2014-03-25,2014-05-01,-0.7067121401771534,26,False,False
BKNG,2014-03-27,2014-04-02,0.6678414178304755,4,False,False
MU,2014-03-27,2014-04-01,0.5896176341766951,3,False,False
VTRS,2014-04-11,2014-04-25,1.1271365683307828,9,False,False
LMT,2014-04-14,2014-04-21,0.5754939493947571,4,False,False
STZ,2014-04-15,2014-05-05,0.4635026772594997,13,False,False
TMUS,2014-04-16,2014-05-01,0.6317604255340948,10,False,False
GNRC,2014-05-02,2014-06-10,-1.0,26,False,False
BSX,2014-05-02,2014-05-28,0.2388997715962466,17,False,False
NFLX,2014-05-06,2014-05-19,0.2686019785072071,9,False,False
VTRS,2014-05-09,2014-05-29,0.4413680946836789,13,False,False
SMCI,2014-05-15,2014-05-16,0.2554752837440142,1,False,False
HII,2014-05-16,2014-06-02,0.4626830487407464,10,False,False
TSN,2014-05-22,2014-05-27,0.3453437666338048,2,False,False
HII,2014-06-20,2014-07-29,-0.6641218266560778,26,False,False
DAL,2014-07-08,2014-07-23,0.7789447915720468,11,False,False
DAL,2014-07-18,2014-07-23,0.4780638713783863,3,True,False
STZ,2014-07-31,2014-08-15,0.5803002045940563,11,False,False
ADSK,2014-08-04,2014-08-13,0.4892031299679667,7,False,False
DAL,2014-08-06,2014-08-14,0.6154186429917354,6,False,False
ZBRA,2014-08-07,2014-09-15,-0.5114337871766014,26,False,False
NXPI,2014-08-08,2014-08-20,0.4641025772081644,8,False,False
MU,2014-08-08,2014-08-18,0.5219712788784205,6,False,False
FANG,2014-09-08,2014-10-14,-1.0,26,False,False
MU,2014-09-16,2014-09-18,0.7171216225500617,2,False,False
HPQ,2014-09-30,2014-10-06,0.6170486410998216,4,False,False
TPL,2014-10-03,2014-11-10,-1.0,26,False,False
MAR,2014-10-08,2014-10-21,0.4909765907152693,9,False,False
SMCI,2014-10-09,2014-10-21,0.4783095556139705,8,False,False
TRGP,2014-10-10,2014-10-29,0.251557059313961,13,False,False
RCL,2014-10-10,2014-10-21,0.7707047447893364,7,False,False
SWKS,2014-10-13,2014-10-21,0.9166223826080852,6,False,False
LUV,2014-10-13,2014-10-20,0.6972362773931056,5,False,False
AVGO,2014-10-13,2014-10-21,0.6370790012389815,6,False,False
GILD,2014-10-15,2014-10-21,1.1976212301131552,4,False,False
MU,2014-10-17,2014-10-27,0.7131885587821498,6,False,False
URI,2014-10-17,2014-10-21,0.3001455673372281,2,False,False
TRGP,2014-11-07,2014-11-26,0.2663979770034609,13,False,False
META,2014-11-20,2014-11-26,0.6832941007726848,4,False,False
SMCI,2015-03-25,2015-04-16,0.3680192548043487,15,False,False
IRM,2015-03-26,2015-04-06,0.3845387604074973,6,False,False
KR,2015-04-20,2015-05-19,0.1703008088259638,21,False,False
EW,2015-04-28,2015-06-04,-0.0697448269355262,26,False,False
LOW,2015-04-28,2015-05-08,0.2944888084179062,8,False,False
LUV,2015-04-29,2015-06-05,-1.0,26,False,False
AVGO,2015-04-29,2015-05-14,0.7740172907891257,11,False,False
CNC,2015-05-01,2015-05-14,0.7491753319457527,9,False,False
MNST,2015-05-11,2015-06-17,0.0778388041951565,26,False,False
TYL,2015-06-05,2015-06-17,0.5449724983419092,8,False,False
COR,2015-06-09,2015-07-16,0.083079764908693,26,False,False
COR,2015-06-25,2015-07-16,0.385954288946193,14,False,False
ROST,2015-06-30,2015-07-06,0.2133060055594845,3,False,False
BLDR,2015-07-09,2015-07-20,0.3735793612745576,7,False,False
SWKS,2015-07-09,2015-07-21,0.4354155936469846,8,False,False
AVGO,2015-07-09,2015-08-14,-0.7658048240517626,26,False,False
LULU,2015-07-24,2015-08-14,0.4458117549462638,15,False,False
SWKS,2015-07-28,2015-09-02,-0.950290708352744,26,False,False
IBKR,2015-08-03,2015-08-03,0.3355645454921638,0,False,False
FICO,2015-08-20,2015-09-28,-1.0,26,False,False
IBKR,2015-08-21,2015-09-25,0.0857759774928361,24,False,False
DPZ,2015-08-21,2015-09-15,0.6522498329884661,16,False,False
HAS,2015-08-24,2015-09-14,1.2199003702561777,14,False,False
LULU,2015-08-24,2015-08-31,0.7836214615566199,5,False,False
EW,2015-08-24,2015-09-30,0.8690347252871764,26,False,False
INCY,2015-08-25,2015-08-26,0.4397301906412311,1,False,False
FTNT,2015-08-25,2015-09-11,0.1650978230226847,12,False,False
NCLH,2015-08-25,2015-09-08,0.3087451096008732,9,False,False
REGN,2015-08-25,2015-09-08,0.3102140388938003,9,False,False
TYL,2015-08-25,2015-08-26,0.4021424019262531,1,False,False
AMZN,2015-08-25,2015-08-26,0.212299919873959,1,False,False
VMC,2015-08-26,2015-08-27,0.3198609104132514,1,False,False
MNST,2015-09-02,2015-10-09,-0.0305953164960527,26,False,False
EW,2015-09-03,2015-10-01,0.5091211213899368,19,False,False
CI,2015-09-28,2015-10-16,0.264114422880967,14,False,False
FIX,2015-09-29,2015-10-05,0.906497003844148,4,False,False
VMC,2015-09-29,2015-10-02,0.8146223823703777,3,False,False
BLDR,2015-09-29,2015-11-04,-0.4253787329805007,26,False,False
DXCM,2015-09-29,2015-11-03,0.0936953876578313,25,False,False
IBKR,2015-09-29,2015-10-01,0.4705022473326264,2,False,False
LII,2015-09-30,2015-10-12,0.5326521210189279,8,False,False
FTNT,2015-09-30,2015-10-19,0.1046336344475827,13,False,False
NCLH,2015-09-30,2015-10-12,0.3821716661767264,8,False,False
FTNT,2015-10-14,2015-10-19,0.2931800948157091,3,False,False
IBKR,2015-10-15,2015-10-16,0.2487522322376494,1,True,False
VMC,2015-10-21,2015-10-22,0.26359919756696,1,False,False
PANW,2015-10-22,2015-11-20,0.3285918037044581,21,False,False
TKO,2015-12-09,2015-12-22,0.4276443015535917,9,False,False
GPN,2015-12-18,2016-01-28,-1.0,26,False,False
FIX,2015-12-21,2016-01-29,-0.4359298570454839,26,False,False
GPN,2016-01-04,2016-02-10,-1.0,26,False,False
NFLX,2016-01-05,2016-01-06,0.4758103335200164,1,False,False
TYL,2016-01-05,2016-02-11,-1.0,26,False,False
GOOG,2016-01-11,2016-01-29,0.3563740708857343,13,False,False
GOOGL,2016-01-11,2016-01-29,0.4270247255258705,13,False,False
HRL,2016-04-12,2016-05-18,-1.0,26,False,False
TSN,2016-04-22,2016-04-29,0.4430572155684381,5,False,False
TTWO,2016-04-29,2016-05-12,0.627978551756782,9,False,False
TSN,2016-06-01,2016-06-27,0.2360246259994839,18,False,False
EW,2016-06-16,2016-07-06,0.5712586916955915,13,False,False
EVRG,2016-08-04,2016-09-07,0.2697108634392809,23,False,False
AWK,2016-08-09,2016-09-15,-0.8929320464681416,26,False,False
DLR,2016-08-17,2016-09-23,-0.4906111106996646,26,False,False
ULTA,2016-08-31,2016-10-07,-0.3510463105520439,26,False,False
NEM,2016-08-31,2016-09-06,0.8456004327522261,3,False,False
DHR,2016-09-12,2016-10-18,-0.1432394926308075,26,False,False
NEM,2016-09-12,2016-10-18,-0.6721660687904473,26,False,False
ALB,2016-09-12,2016-09-26,0.7239976957411021,10,False,False
VEEV,2016-10-12,2016-11-09,0.7183717909454327,20,False,False
AMAT,2016-10-14,2016-11-08,0.5390070049046125,17,False,False
EW,2016-10-26,2016-12-02,-1.0,26,False,False
LITE,2016-11-01,2016-11-16,1.395771290930656,11,False,False
AMAT,2016-11-04,2016-11-08,0.5104848130764512,2,False,False
GEN,2016-11-07,2016-11-09,0.1912745666365322,2,False,False
NEM,2016-11-11,2016-12-20,-0.7768359138785651,26,False,False
ALB,2016-11-15,2016-11-16,0.5144316983173208,1,False,False
GEN,2016-11-21,2016-11-22,0.3633098908434345,1,False,False
GEN,2016-12-05,2016-12-08,0.2394812642302386,3,False,False
LITE,2017-01-13,2017-02-03,0.4335945649474649,14,False,False
HPE,2017-01-24,2017-02-03,0.2979284041806194,8,False,False
STLD,2017-01-26,2017-01-27,0.4536352535818348,1,False,False
TPL,2017-02-17,2017-03-28,-0.7971411001249306,26,False,False
FCX,2017-02-22,2017-03-30,-0.4531628157510158,26,False,False
HAL,2017-02-23,2017-03-31,-1.0,26,False,False
NVDA,2017-02-24,2017-03-17,0.4618363691868054,15,False,False
HPE,2017-02-28,2017-03-20,0.3421195307894755,14,False,False
TRGP,2017-03-10,2017-03-29,0.6471367177063115,13,False,False
STLD,2017-03-13,2017-03-17,0.4243028462709001,4,False,False
OKE,2017-03-15,2017-03-29,0.3324183757729411,10,False,False
BAC,2017-03-23,2017-03-30,0.3212201164561145,5,False,False
MRVL,2017-04-04,2017-05-09,0.3967835963706704,24,False,False
PTC,2017-04-05,2017-04-19,0.2678897277254516,9,False,False
NVDA,2017-04-05,2017-04-25,0.2200946359046983,13,False,False
DHR,2017-04-21,2017-05-25,0.1832203802821936,24,False,False
STX,2017-04-27,2017-06-05,-0.160413633525137,26,False,False
MS,2017-05-18,2017-05-24,0.3747611702121328,4,False,False
BAC,2017-05-18,2017-06-09,0.4644914693495841,15,False,False
GEN,2017-05-19,2017-06-27,-0.5792866267750951,26,False,False
NTAP,2017-06-06,2017-06-23,0.2916677079586391,13,False,False
GEN,2017-06-14,2017-07-12,0.0786991453229256,19,False,False
TER,2017-06-15,2017-07-14,0.5402214650857682,20,False,False
SWKS,2017-06-28,2017-07-13,0.3681936743001457,10,False,False
AMAT,2017-06-30,2017-07-10,0.516015064052292,5,False,False
ON,2017-06-30,2017-07-18,0.6094360652070316,11,False,False
LRCX,2017-06-30,2017-07-10,0.3443758250550303,5,False,False
NFLX,2017-07-03,2017-07-12,0.4012795008411648,6,False,False
ADSK,2017-07-05,2017-07-12,0.7091692695697468,5,False,False
BBY,2017-07-12,2017-07-27,0.3490773769294616,11,False,False
BBY,2017-07-21,2017-07-27,0.4776217672122197,4,False,False
CSX,2017-07-21,2017-08-28,-0.4873804910553398,26,False,False
ZBRA,2017-07-24,2017-08-08,0.9956295340860306,11,False,False
WDC,2017-07-31,2017-08-23,0.1100924494307401,17,False,False
MU,2017-07-31,2017-08-16,0.2576130422997168,12,False,False
IDXX,2017-08-02,2017-09-08,0.0557585139882086,26,False,False
ZBRA,2017-08-03,2017-08-08,1.0382430094466195,3,True,False
AMAT,2017-08-03,2017-08-16,0.3595666220435176,9,False,False
AMD,2017-08-11,2017-09-19,0.4199182908282582,26,False,False
LITE,2017-08-11,2017-09-18,0.6343151317814317,25,False,False
DE,2017-08-21,2017-09-19,0.4570867825214648,20,False,False
BAC,2017-08-22,2017-09-01,0.2847306416188064,8,False,False
NRG,2017-09-26,2017-09-27,0.4212537127376891,1,False,False
RCL,2017-09-26,2017-09-28,0.1690616887528674,2,False,False
VRTX,2017-09-26,2017-10-06,0.2521899392032129,8,False,False
VRTX,2017-10-26,2017-12-04,-0.857201771047356,26,False,False
TTD,2017-11-13,2017-12-20,-0.1722144021478063,26,False,False
APO,2017-11-14,2017-11-22,0.5891963518242809,6,False,False
VRTX,2017-11-30,2017-12-21,0.3052879462749916,15,False,False
NVDA,2017-12-05,2018-01-03,1.1934379364618712,19,False,False
LRCX,2017-12-05,2018-01-05,0.5762137048084038,21,False,False
ON,2017-12-05,2017-12-18,0.9215765783007728,9,False,False
TTWO,2017-12-05,2017-12-15,0.6166843964396486,8,False,False
NVDA,2017-12-14,2018-01-03,0.9741379069557464,12,False,False
ISRG,2017-12-15,2018-01-03,0.5020024136344887,11,False,False
ALGN,2017-12-22,2018-01-05,0.6637883988767196,8,False,False
CDNS,2017-12-26,2018-01-04,0.4191694494480067,6,False,False
MU,2018-01-02,2018-01-02,0.3906505454202241,0,False,False
NRG,2018-01-19,2018-02-27,-0.3779154959572741,26,False,False
NVR,2018-01-29,2018-03-07,-1.0,26,False,False
MU,2018-02-05,2018-02-06,0.6462301116870425,1,False,False
CAT,2018-02-09,2018-02-14,0.5964327149820137,3,False,False
TTWO,2018-02-09,2018-02-26,0.4830538048945691,10,False,False
ALGN,2018-02-09,2018-02-14,0.6899143380787333,3,False,False
TROW,2018-02-09,2018-02-14,0.4148523017521284,3,False,False
PYPL,2018-02-09,2018-02-14,0.4062801874426701,3,False,False
FSLR,2018-02-26,2018-03-07,0.6320095515313728,7,False,False
CAT,2018-03-02,2018-04-10,-0.2610137967208805,26,False,False
TTWO,2018-03-02,2018-03-09,0.5557789889197328,5,False,False
BBY,2018-03-16,2018-04-04,0.4646842968133376,12,False,False
TTWO,2018-03-20,2018-04-26,-0.6542399387789579,26,False,False
CAT,2018-03-23,2018-04-16,0.150570450395974,15,False,False
BA,2018-03-23,2018-04-18,0.504699755912887,17,False,False
ISRG,2018-03-26,2018-04-10,0.1977442208155599,10,False,False
TROW,2018-03-26,2018-04-17,0.1473689113521112,15,False,False
TPL,2018-03-28,2018-04-04,0.3512169111032925,4,False,False
NVDA,2018-03-29,2018-04-12,0.1548383205698803,9,False,False
ANET,2018-03-29,2018-04-30,0.2707427738984281,21,False,False
PYPL,2018-03-29,2018-04-16,0.2307716719517401,11,False,False
AMZN,2018-04-03,2018-04-17,0.594171102395717,10,False,False
NVDA,2018-04-09,2018-04-12,0.3044695126351979,3,False,False
NVDA,2018-04-25,2018-05-04,0.3079213254126836,7,False,False
MU,2018-04-25,2018-05-15,0.6988923060662597,14,False,False
PYPL,2018-04-26,2018-05-10,0.2834230822668755,10,False,False
SW,2018-05-02,2018-06-08,-0.4300838575679155,26,False,False
EL,2018-05-03,2018-05-16,0.6962147733606779,9,False,False
ANET,2018-05-16,2018-06-01,0.2568008885259933,11,False,False
FSLR,2018-05-29,2018-07-05,-1.0,26,False,False
NRG,2018-06-25,2018-08-01,0.235811214899807,26,False,False
BA,2018-06-26,2018-07-13,0.5530033643247635,12,False,False
VLO,2018-06-26,2018-07-26,0.7462855994267428,21,False,False
NVDA,2018-06-28,2018-07-10,0.4915109199849395,7,False,False
MU,2018-07-05,2018-07-18,0.5310153082547973,9,False,False
IBKR,2018-07-18,2018-08-23,-0.7084094112030732,26,False,False
MU,2018-07-24,2018-08-29,-0.5832110720695193,26,False,False
NFLX,2018-07-25,2018-08-30,0.1993638802509799,26,False,False
AXON,2018-08-09,2018-08-27,0.5298259672240915,12,False,False
STX,2018-08-16,2018-08-22,0.2300249350582274,4,False,False
NFLX,2018-09-06,2018-09-12,0.4322563277645374,4,False,False
CPRT,2018-09-20,2018-10-26,-1.0,26,False,False
DECK,2018-09-24,2018-09-28,0.672678327450002,4,False,False
KDP,2018-10-03,2018-10-10,0.316747392170686,5,False,False
DXCM,2018-10-09,2018-11-01,0.5901629805091188,17,False,False
NTAP,2018-10-09,2018-11-07,0.3307252503914811,21,False,False
VEEV,2018-10-11,2018-11-16,0.1764586904199955,26,False,False
ADBE,2018-10-11,2018-10-16,1.0399394774130968,3,False,False
GDDY,2018-10-11,2018-10-16,0.8014613351547325,3,False,False
TPL,2018-10-12,2018-11-19,-1.0,26,False,False
FTNT,2018-10-12,2018-10-23,0.3018581173231602,7,False,False
LULU,2018-10-22,2018-11-28,-0.7162101950740791,26,False,False
TKO,2018-10-25,2018-12-03,-0.7270928875486803,26,False,False
TSCO,2018-10-25,2018-10-25,0.4279689219938037,0,True,False
HCA,2018-10-25,2018-10-30,0.8784300694128078,3,True,False
DXCM,2018-10-25,2018-11-01,0.458598489399134,5,False,False
ORLY,2018-10-25,2018-11-07,0.6334582491064129,9,False,False
FTNT,2018-10-29,2018-11-01,0.2732591339091006,3,True,False
PODD,2018-11-02,2018-12-12,-0.9070704163412786,26,False,False
DPZ,2018-11-16,2018-11-28,0.5934124904831437,7,False,False
WBD,2018-11-21,2019-01-02,-1.0,26,False,False
HCA,2018-12-17,2019-01-17,0.9502831059760212,21,False,False
KDP,2018-12-19,2019-01-09,0.8163929324486956,13,False,False
AES,2018-12-24,2019-01-08,0.4271386243082944,9,False,False
MRK,2018-12-26,2018-12-26,0.4964110242918599,0,False,False
NRG,2018-12-26,2018-12-31,0.7339670128177269,3,False,False
DECK,2019-01-17,2019-01-25,0.4438251962489623,5,False,False
DXCM,2019-03-25,2019-05-01,-0.6433300975302476,26,False,False
TKO,2019-04-29,2019-06-05,-1.0,26,False,False
AZO,2019-05-16,2019-05-21,0.8362077381804811,3,True,False
CMG,2019-05-28,2019-06-07,0.6274568161469031,8,False,False
CDNS,2019-06-04,2019-06-10,0.7041967820630889,4,False,False
CVNA,2019-06-17,2019-06-18,0.5116172632484662,1,False,False
NOW,2019-08-05,2019-09-11,-0.2499138677601072,26,False,False
AZO,2019-08-06,2019-08-29,0.6138495544405018,17,False,False
AMD,2019-08-06,2019-08-08,1.031652510131259,2,False,False
ERIE,2019-08-06,2019-09-12,-0.4646724509596974,26,False,False
CDNS,2019-08-15,2019-09-23,-0.4773208333154066,26,False,False
TTD,2019-09-10,2019-10-16,-0.5230608613035861,26,False,False
SBUX,2019-09-11,2019-10-17,-0.7663574747723275,26,False,False
TSN,2019-10-03,2019-11-08,-0.1882954739682455,26,False,False
PG,2019-10-16,2019-10-22,0.5826634287242906,4,True,False
VEEV,2019-10-21,2019-11-13,0.1345023282022509,17,False,False
CMG,2019-10-24,2019-11-26,0.1859987858263088,23,False,False
KLAC,2019-12-04,2019-12-11,0.3207451519019138,5,False,False
TGT,2020-01-16,2020-02-25,-0.6270137710871868,26,False,False
CVNA,2020-01-24,2020-02-04,0.473035348372636,7,False,False
BLDR,2020-02-10,2020-02-12,0.7468459721142046,2,False,False
QCOM,2020-02-25,2020-04-01,-1.0,26,False,False
APO,2020-02-25,2020-04-01,-1.0,26,False,False
AAPL,2020-02-26,2020-04-02,-1.0,26,False,False
BLDR,2020-02-27,2020-04-03,-1.0,26,False,False
BX,2020-02-27,2020-04-03,-1.0,26,False,False
AMAT,2020-02-28,2020-04-06,-1.0,26,False,False
AMD,2020-02-28,2020-03-04,1.2391036932484254,3,False,False
LRCX,2020-02-28,2020-04-06,-0.8571296010424042,26,False,False
ARES,2020-03-02,2020-04-07,-0.8996712831939226,26,False,False
PHM,2020-03-02,2020-03-04,1.0022212016054357,2,False,False
HWM,2020-03-04,2020-04-09,-1.0,26,False,False
PODD,2020-03-04,2020-04-09,0.098400576068156,26,False,False
AAPL,2020-03-10,2020-04-13,-0.2033664683426841,23,False,False
LRCX,2020-03-10,2020-04-14,-0.1452242075911926,24,False,False
MSCI,2020-03-10,2020-03-26,0.5369246807059662,12,False,False
PHM,2020-03-10,2020-04-16,-1.0,26,False,False
LDOS,2020-03-10,2020-04-16,-0.6061551609036252,26,False,False
RMD,2020-03-10,2020-03-17,0.1157122383009176,5,False,False
GNRC,2020-03-10,2020-04-16,-0.6128109392400073,26,False,False
TYL,2020-03-11,2020-04-08,0.3654296897248181,20,False,False
AMAT,2020-03-11,2020-04-17,-0.3166021044997357,26,False,False
DVA,2020-03-12,2020-04-08,0.6459565890209954,19,False,False
CSGP,2020-03-13,2020-04-14,-0.1176959230735946,21,False,False
BRO,2020-03-16,2020-04-22,-0.2027704633002101,26,False,False
AMD,2020-06-29,2020-07-09,0.7708071738235719,7,False,False
GEN,2020-06-29,2020-07-22,0.3053841995875814,16,False,False
REGN,2020-08-25,2020-10-01,-0.7439785860310958,26,False,False
REGN,2020-09-02,2020-10-05,0.0697740418736875,22,False,False
DXCM,2020-09-09,2020-10-15,-0.1165409350412268,26,False,False
DPZ,2020-09-09,2020-09-18,0.4495981518561433,7,False,False
MPWR,2020-09-09,2020-09-25,0.4593480907791086,12,False,False
LULU,2020-09-14,2020-10-01,0.529777608527331,13,False,False
PYPL,2020-09-18,2020-09-28,0.6266140942376436,6,False,False
AMZN,2020-09-18,2020-09-28,0.3259585286856095,6,False,False
NFLX,2020-09-18,2020-09-30,0.2786198102011476,8,False,False
ODFL,2020-09-22,2020-10-07,0.7576522349300089,11,False,False
GEN,2020-09-22,2020-10-28,-0.1813953871907085,26,False,False
ODFL,2020-10-01,2020-10-07,0.5837667792935199,4,False,False
DXCM,2020-10-05,2020-10-23,0.3316515936893205,14,False,False
MSCI,2020-10-08,2020-10-13,0.4925299695160192,3,False,False
GEN,2020-10-20,2020-11-03,0.2983238132481734,10,False,False
ADBE,2020-10-29,2020-11-05,0.641495334430713,5,False,False
CRM,2020-10-29,2020-11-05,0.4315726713463957,5,False,False
AMD,2020-10-29,2020-11-04,0.356870347180893,4,False,False
REGN,2020-10-30,2020-11-04,0.6027459887346823,3,True,False
AMZN,2020-11-02,2020-11-04,0.4420956823056735,2,False,False
NFLX,2020-11-02,2020-11-05,0.4582796715085699,3,False,False
CMG,2020-11-02,2020-11-05,0.7053063558951562,3,False,False
CRWD,2020-11-02,2020-11-04,0.6459886320070433,2,False,False
LULU,2020-11-03,2020-11-04,0.6044252307112367,1,False,False
PYPL,2020-11-04,2020-11-04,0.2834801925485964,0,False,False
NFLX,2020-11-10,2020-12-01,0.3443735211746715,14,False,False
CRWD,2020-11-11,2020-11-12,0.3816018147727052,1,False,False
WST,2020-11-25,2020-12-22,0.377739349753087,18,False,False
WST,2020-12-08,2020-12-22,0.5548221367518141,10,False,False
VEEV,2020-12-10,2020-12-17,0.6514700684939471,5,False,False
FDX,2020-12-29,2021-02-05,-0.5512894654020699,26,False,False
NVDA,2021-01-07,2021-01-07,0.1714094041442134,0,False,False
TER,2021-02-01,2021-02-04,0.5062995972566717,3,False,False
AMD,2021-02-01,2021-02-10,0.4093137229978136,7,False,False
QCOM,2021-02-18,2021-03-26,-0.7841860706919849,26,False,False
ALB,2021-02-19,2021-02-24,0.6769617858697166,3,False,False
AMD,2021-02-23,2021-03-31,-0.6405467333260597,26,False,False
AAPL,2021-02-23,2021-03-31,-0.3603509819714446,26,False,False
TTWO,2021-02-23,2021-03-31,-0.6134722088117035,26,False,False
WST,2021-02-23,2021-03-31,0.3877702057572222,26,False,False
DDOG,2021-02-26,2021-04-06,-0.708122346199947,26,False,False
TTD,2021-02-26,2021-03-01,0.5089506075127389,1,False,False
SNPS,2021-02-26,2021-04-01,0.0793489037375789,24,False,False
PANW,2021-03-04,2021-04-12,0.2679752021708179,26,False,False
NVDA,2021-03-04,2021-04-01,0.4086851129465871,20,False,False
MPWR,2021-03-05,2021-04-01,0.4991309998248287,19,False,False
ALGN,2021-03-05,2021-03-15,0.3711610565670158,6,False,False
CMG,2021-03-05,2021-03-11,0.666638636151949,4,False,False
CDNS,2021-03-08,2021-03-31,0.6243372992420418,17,False,False
PYPL,2021-03-09,2021-04-08,0.5180706927121381,21,False,False
PTC,2021-03-09,2021-03-11,0.7703886384473511,2,False,False
PYPL,2021-03-19,2021-04-08,0.5558662578182526,13,False,False
ALGN,2021-03-19,2021-04-06,0.3040783024510977,11,False,False
FERG,2021-03-22,2021-03-23,0.628570748907893,1,False,False
ALB,2021-03-24,2021-04-19,0.2819649144369274,17,False,False
FLEX,2021-03-24,2021-03-31,0.3742727815693855,5,False,False
NVDA,2021-03-25,2021-04-01,0.5820694751715376,5,False,False
IDXX,2021-03-25,2021-04-12,0.5343074549257354,11,False,False
APTV,2021-03-30,2021-04-27,0.5458478737810244,19,False,False
APTV,2021-04-20,2021-04-27,0.3703523488050895,5,False,False
F,2021-04-21,2021-04-27,0.565726980117926,4,False,False
F,2021-04-30,2021-05-20,0.5170663460213271,14,False,False
PTC,2021-05-03,2021-06-09,-0.0095958954368575,26,False,False
ON,2021-05-04,2021-05-27,0.301042368480434,17,False,False
DAL,2021-05-05,2021-05-26,0.5122201776288463,15,False,False
RCL,2021-05-06,2021-05-25,0.4319090357760128,13,False,False
AES,2021-05-07,2021-06-15,0.0947734940432369,26,False,False
XYZ,2021-05-11,2021-06-14,0.617078782157956,23,False,False
TSLA,2021-05-12,2021-06-18,0.0421733282911135,26,False,False
TRMB,2021-05-13,2021-06-04,0.5772648653912779,15,False,False
GM,2021-05-13,2021-05-26,0.4866866255729572,9,False,False
VTR,2021-05-13,2021-05-24,0.5185928451953478,7,False,False
EXPE,2021-05-13,2021-05-26,0.4393011333664373,9,False,False
UAL,2021-05-13,2021-05-17,0.5997759942729889,2,False,False
CCL,2021-05-13,2021-05-17,0.6664220605084256,2,False,False
DRI,2021-05-13,2021-05-26,0.6871141499579253,9,False,False
AMAT,2021-05-13,2021-05-20,0.5880838556856962,5,False,False
DECK,2021-05-13,2021-05-14,0.4543173762756636,1,False,False
MGM,2021-05-13,2021-05-20,0.4107772457564917,5,False,False
NXPI,2021-05-13,2021-05-20,0.5040718908351218,5,False,False
APTV,2021-05-13,2021-05-25,0.2989025710066388,8,False,False
GNRC,2021-05-13,2021-05-26,0.481060840187504,9,False,False
CTVA,2021-05-20,2021-06-28,-0.2554495835589542,26,False,False
BLDR,2021-05-20,2021-06-28,-0.1190549086214622,26,False,False
DECK,2021-05-21,2021-05-21,0.0611700159380561,0,False,False
HPQ,2021-06-01,2021-07-08,-0.0622720170776843,26,False,False
DE,2021-06-03,2021-07-12,-0.1685169626702255,26,False,False
XYZ,2021-06-04,2021-06-14,0.4445954064338226,6,False,False
ON,2021-06-09,2021-06-28,0.0869179173036153,13,False,False
URI,2021-06-11,2021-07-01,0.4299444518475478,14,False,False
TPR,2021-06-11,2021-07-20,-0.8873409718109693,26,False,False
TSLA,2021-06-11,2021-06-23,0.4438282736938224,8,False,False
WSM,2021-06-16,2021-07-23,-0.3049734232204582,26,False,False
BG,2021-06-16,2021-07-23,-0.9858887870937258,26,False,False
MOS,2021-06-17,2021-07-26,-0.7024857699055782,26,False,False
PWR,2021-06-17,2021-07-26,-0.621821389922494,26,False,False
DRI,2021-06-18,2021-06-24,0.6928337117580454,4,True,False
NWSA,2021-06-18,2021-07-27,-0.3356969844890161,26,False,False
FDX,2021-06-18,2021-06-24,0.8531113612301833,4,True,False
NWS,2021-06-21,2021-07-28,-0.2485478138344333,26,False,False
GE,2021-06-21,2021-06-30,0.3840556519664586,7,False,False
EXPE,2021-06-21,2021-07-28,-0.1621717896352194,26,False,False
AES,2021-06-21,2021-06-25,0.3285152077429869,4,False,False
FIX,2021-06-21,2021-07-28,-0.6397366206517442,26,False,False
CFG,2021-06-21,2021-06-25,0.5109228591941295,4,False,False
GE,2021-06-29,2021-06-30,0.358113983620992,1,False,False
EXPE,2021-06-29,2021-08-05,-0.312502561535376,26,False,False
BLDR,2021-06-30,2021-07-21,0.3343502957924462,14,False,False
PWR,2021-07-06,2021-07-29,0.1205904342036325,17,False,False
GM,2021-07-08,2021-07-12,0.5557044901581049,2,False,False
CBRE,2021-07-09,2021-07-23,0.2864490960500382,10,False,False
PNC,2021-07-09,2021-07-12,0.2907913148337129,1,True,False
DE,2021-07-09,2021-07-21,0.0754847315142055,8,False,False
HPQ,2021-07-09,2021-08-03,-0.3445792087461309,17,False,False
DELL,2021-07-14,2021-08-11,0.6489480527482333,20,False,False
SCHW,2021-07-19,2021-08-06,0.5707810791919782,14,False,False
DE,2021-07-20,2021-07-21,0.5360780699580899,1,False,False
URI,2021-07-20,2021-07-21,0.796548812342133,1,False,False
TXT,2021-07-20,2021-07-21,0.6095469750285435,1,False,False
STLD,2021-07-20,2021-07-28,0.67279196334152,6,False,False
KIM,2021-07-20,2021-07-21,0.6268579276715159,1,False,False
RJF,2021-07-20,2021-07-21,0.5363311871556329,1,False,False
SPG,2021-07-20,2021-07-21,0.6483361572074685,1,False,False
PNC,2021-07-20,2021-08-06,0.6716725593716767,13,False,False
GE,2021-08-03,2021-08-10,0.4370575562798092,5,False,False
F,2021-08-05,2021-09-13,-0.5378963915616027,26,False,False
HWM,2021-08-05,2021-08-25,0.5055816454375901,14,False,False
TPL,2021-08-17,2021-09-23,-1.0,26,False,False
OKE,2021-08-18,2021-08-25,0.4825653161764348,5,False,False
CRWD,2021-08-18,2021-08-24,1.0358136644567046,4,False,False
HWM,2021-08-18,2021-08-25,0.2762670218994111,5,False,False
MGM,2021-08-18,2021-08-24,0.622377321257169,4,False,False
FCX,2021-08-19,2021-08-27,0.8098478873652003,6,False,False
IVZ,2021-08-19,2021-08-25,0.5507515309521301,4,False,False
GE,2021-08-20,2021-08-25,0.4412617070542606,3,False,False
DVN,2021-08-20,2021-08-24,0.8840549106635374,2,False,False
CFG,2021-08-20,2021-08-25,0.5514619214088169,3,False,False
WFC,2021-09-02,2021-09-14,0.3788242874774296,7,False,False
APTV,2021-09-02,2021-10-04,0.2242685621757865,21,False,False
LRCX,2021-09-09,2021-09-13,0.3948113797797621,2,False,False
HWM,2021-09-09,2021-09-13,0.3266877603171446,2,False,False
SYF,2021-09-09,2021-09-13,0.6297156708088133,2,False,False
COF,2021-09-09,2021-09-23,0.6068345295475045,10,False,False
XYZ,2021-09-14,2021-09-23,0.6187520057539021,7,False,False
STX,2021-09-15,2021-09-24,0.3280432769827944,7,False,False
AXON,2021-09-20,2021-10-18,0.6188449968214483,20,False,False
CARR,2021-09-22,2021-10-22,0.4503534073343232,22,False,False
CVNA,2021-09-22,2021-10-28,-0.7069335640432411,26,False,False
RJF,2021-09-22,2021-09-23,0.6818634679614939,1,False,False
TXT,2021-09-22,2021-09-23,0.4026993848036163,1,False,False
GS,2021-09-22,2021-09-27,0.6628891879627734,3,False,False
TRMB,2021-09-28,2021-11-03,0.2883058998297925,26,False,False
KKR,2021-09-28,2021-10-08,0.610194782046875,8,False,False
CRWD,2021-09-29,2021-10-13,0.851952183257829,10,False,False
ZBRA,2021-09-29,2021-11-02,1.1845480187159445,24,False,False
JCI,2021-09-29,2021-10-20,0.3390356858598747,15,False,False
GOOG,2021-09-29,2021-10-08,0.2405972971120388,7,False,False
IRM,2021-09-29,2021-10-20,0.406207738362162,15,False,False
GOOGL,2021-09-30,2021-10-07,0.459422981420419,5,False,False
AMAT,2021-09-30,2021-10-18,0.1696751811026202,12,False,False
JBL,2021-09-30,2021-10-05,0.2489725128345339,3,False,False
GS,2021-10-01,2021-10-15,0.7951975762774787,10,False,False
HCA,2021-10-01,2021-10-20,0.2280770833775203,13,False,False
STX,2021-10-01,2021-10-22,0.2740068111577133,15,False,False
BX,2021-10-04,2021-10-15,0.7794852144558871,9,False,False
CRL,2021-10-05,2021-10-26,0.6523890695412765,15,False,False
COF,2021-10-28,2021-12-06,-0.5615226567828431,26,False,False
SYF,2021-10-28,2021-11-05,0.4126569721472581,6,False,False
COF,2021-11-17,2021-12-27,-0.7041373981054526,26,False,False
NTAP,2021-11-18,2021-11-29,0.3890160142561222,6,False,False
OXY,2021-11-22,2021-11-23,0.6159792505262378,1,False,False
GS,2021-12-01,2021-12-07,0.4651623631642814,4,False,False
OXY,2021-12-02,2022-01-03,0.451978450925344,21,False,False
IT,2021-12-02,2021-12-10,0.503889066671494,6,False,False
OKE,2021-12-02,2021-12-07,0.642249518505921,3,False,False
GNRC,2021-12-02,2022-01-10,-1.0,26,False,False
DXCM,2021-12-02,2022-01-10,-1.0,26,False,False
FTNT,2021-12-07,2021-12-08,0.3740033290611186,1,False,False
TRGP,2021-12-14,2022-01-04,0.7186523492943073,14,False,False
BX,2021-12-15,2022-01-24,-1.0,26,False,False
KKR,2021-12-17,2021-12-27,0.7875112574402352,5,False,False
ALB,2021-12-17,2022-01-26,-1.0,26,False,False
COP,2021-12-20,2021-12-27,0.65124932820494,4,False,False
FANG,2021-12-21,2021-12-27,0.5709099542907693,3,False,False
KKR,2022-01-06,2022-02-01,0.1029179121768028,17,False,False
EXR,2022-01-20,2022-02-02,0.2951218209473503,9,False,False
BLDR,2022-01-21,2022-03-01,0.3311609944411013,26,False,False
AZO,2022-01-27,2022-01-31,0.4404591770743095,2,False,False
BX,2022-01-28,2022-01-31,0.6663788529325937,1,False,False
ANET,2022-02-23,2022-03-16,-0.0126047463884761,15,False,False
BLDR,2022-03-08,2022-03-09,0.4202902121743228,1,False,False
BKR,2022-04-26,2022-05-16,0.7801121864912486,14,False,False
COP,2022-04-27,2022-04-28,0.4672771706304925,1,False,False
HAL,2022-05-10,2022-05-16,0.5627924336248749,4,False,False
CF,2022-06-08,2022-07-18,-0.6792214908321239,26,False,False
EXC,2022-06-13,2022-07-21,-0.6693691148481887,26,False,False
TRGP,2022-06-14,2022-07-22,-0.8627767539094835,26,False,False
CTVA,2022-06-14,2022-07-22,-0.6497389072756101,26,False,False
VST,2022-06-14,2022-07-22,-0.1774150155956629,26,False,False
MCK,2022-06-14,2022-06-24,0.4813627404906932,7,False,False
OXY,2022-06-17,2022-07-19,0.5553404577293963,20,False,False
CVX,2022-06-17,2022-07-27,-0.5404729882517653,26,False,False
FANG,2022-06-21,2022-07-28,-0.3521045703375863,26,False,False
EXE,2022-06-21,2022-06-28,0.3653220478698224,5,False,False
EOG,2022-06-21,2022-07-28,-0.5663301834485356,26,False,False
MPC,2022-06-21,2022-07-28,-0.162056934182193,26,False,False
DVN,2022-06-21,2022-07-28,-0.1174809416139748,26,False,False
COP,2022-06-21,2022-07-28,-0.2647942761238277,26,False,False
XOM,2022-07-06,2022-07-27,0.5498143782997245,15,False,False
EXC,2022-07-14,2022-07-28,0.7536118617214409,10,False,False
OXY,2022-07-15,2022-07-19,0.4590049576887279,2,False,False
DVN,2022-08-04,2022-08-11,0.7594724911830033,5,False,False
CNC,2022-09-16,2022-10-24,-1.0,26,False,False
AZO,2022-09-20,2022-10-03,0.5981524818116063,9,False,False
LLY,2022-09-21,2022-09-28,1.1988481790592238,5,False,False
WMB,2022-09-22,2022-10-25,-0.142873184697203,23,False,False
GWW,2022-09-23,2022-10-25,0.6354392601013248,22,False,False
OXY,2022-09-26,2022-10-04,0.8378012149086961,6,False,False
ATO,2022-09-26,2022-11-01,-0.8063837688552226,26,False,False
VST,2022-09-26,2022-11-01,-0.2420807000154921,26,False,False
TPL,2022-09-26,2022-09-29,0.4214108004526402,3,False,False
XOM,2022-09-26,2022-10-04,1.0306801855000849,6,False,False
DVN,2022-09-26,2022-10-03,0.8238548407938496,5,False,False
UNH,2022-09-27,2022-10-05,0.3867389188292231,6,False,False
SRE,2022-09-27,2022-11-02,-0.6941764022268376,26,False,False
MPC,2022-09-27,2022-09-28,0.870206131863025,1,False,False
CF,2022-09-27,2022-10-04,0.938860561852742,5,False,False
ED,2022-09-27,2022-11-02,-0.7384670012524726,26,False,False
CTVA,2022-09-28,2022-10-04,0.6894559546443099,4,False,False
PGR,2022-10-03,2022-10-04,0.611059340466132,1,False,False
ON,2022-10-03,2022-10-04,0.5461170187724288,1,False,False
GWW,2022-10-04,2022-10-25,0.2252080137100542,15,False,False
PGR,2022-10-17,2022-10-24,0.4959046022512822,5,False,False
DVN,2022-12-07,2023-01-17,-0.0956904320211092,26,False,False
OXY,2022-12-07,2023-01-17,-0.0634943275542371,26,False,False
FANG,2022-12-08,2023-01-12,0.1408623110413742,23,False,False
COP,2022-12-08,2023-01-13,0.1444638082635048,24,False,False
VLO,2022-12-09,2023-01-06,0.580124684412414,18,False,False
EOG,2022-12-09,2023-01-19,0.4122776349897623,26,False,False
MPC,2022-12-12,2022-12-21,0.5124726231931588,7,False,False
CTVA,2022-12-15,2023-01-25,0.2311216144039589,26,False,False
TKO,2022-12-16,2023-01-06,1.8465378425581116,13,False,False
VRTX,2022-12-20,2023-01-17,0.5983597488705796,17,False,False
VLO,2022-12-23,2023-01-06,0.3685669279577675,8,False,False
DVN,2022-12-27,2023-01-20,0.0955241964751997,16,False,False
ERIE,2022-12-29,2023-02-07,-0.2768905872077378,26,False,False
TPL,2022-12-30,2023-02-08,-1.0,26,False,False
VLO,2023-01-04,2023-01-06,0.5626616668294313,2,False,False
EOG,2023-01-04,2023-01-20,0.7444942037061213,11,False,False
STLD,2023-01-04,2023-01-06,0.6583974309876718,2,False,False
GPC,2023-01-04,2023-02-10,0.1401057851678547,26,False,False
APA,2023-01-05,2023-01-20,0.4143667037438807,10,False,False
PWR,2023-01-05,2023-01-12,0.6972055343608292,5,False,False
OXY,2023-01-10,2023-01-20,0.2922472946529406,7,False,False
CAH,2023-01-20,2023-01-26,0.3160393973693101,4,False,False
CEG,2023-01-23,2023-02-10,0.3239186697759431,14,False,False
MCK,2023-02-06,2023-03-15,-1.0,26,False,False
MCK,2023-02-22,2023-03-30,-0.3727490368595501,26,False,False
CEG,2023-02-22,2023-03-30,-0.4010153848366722,26,False,False
GILD,2023-02-24,2023-03-31,0.1036361604636315,25,False,False
PCG,2023-02-24,2023-03-02,0.3747034902546499,4,False,False
CAH,2023-03-03,2023-03-30,-0.0338187558695691,19,False,False
TKO,2023-03-07,2023-03-27,0.5785538019570845,14,False,False
FLEX,2023-03-10,2023-04-18,-0.2402687022898419,26,False,False
GPC,2023-03-13,2023-03-31,0.3518509031095199,14,False,False
LVS,2023-03-16,2023-03-31,0.7706333376725051,11,False,False
ACGL,2023-03-16,2023-03-21,0.6320918894754189,3,False,False
VLO,2023-03-16,2023-03-28,0.8263046138749794,8,False,False
LVS,2023-03-28,2023-03-31,0.4603888885541601,3,False,False
FSLR,2023-05-01,2023-05-12,1.781779667603648,9,False,False
AXON,2023-05-11,2023-06-20,0.0472275643062309,26,False,False
WYNN,2023-05-17,2023-05-18,0.3366105741911303,1,False,False
LVS,2023-05-24,2023-06-14,0.7857494487957134,14,False,False
PODD,2023-05-24,2023-07-03,-0.5176048777676074,26,False,False
ACGL,2023-06-15,2023-06-29,0.5418846063500565,9,False,False
LVS,2023-06-26,2023-07-12,0.2698842186865146,11,False,False
WYNN,2023-07-07,2023-07-10,0.7734284892441023,1,False,False
FSLR,2023-07-17,2023-07-17,0.5109781182247269,0,False,False
NFLX,2023-08-17,2023-08-30,0.32208696990906,9,False,False
JBL,2023-08-18,2023-08-28,1.5950159385606997,6,False,False
DHI,2023-08-18,2023-09-26,-0.8509129117007724,26,False,False
AVGO,2023-08-18,2023-08-23,0.586915118409389,3,False,False
ORCL,2023-08-25,2023-08-29,0.8016065850354599,2,False,False
ACGL,2023-08-29,2023-09-07,0.5097266589826878,6,False,False
DECK,2023-08-29,2023-09-12,0.4717346790472626,9,False,False
RCL,2023-09-05,2023-10-11,-1.0,26,False,False
CRH,2023-09-06,2023-09-25,0.2349512150251338,13,False,False
BLDR,2023-09-18,2023-10-24,-1.0,26,False,False
PHM,2023-09-18,2023-10-24,-0.6845152478486867,26,False,False
JBL,2023-09-18,2023-09-28,1.828217668241479,8,False,False
NVDA,2023-09-21,2023-10-06,0.8213343028766112,11,False,False
AVGO,2023-09-21,2023-10-09,0.6170317241014673,12,False,False
CPRT,2023-09-22,2023-10-06,0.3722901258647341,10,False,False
ORCL,2023-09-22,2023-10-30,-0.7494728882444655,26,False,False
GE,2023-09-27,2023-10-11,0.267106080756306,10,False,False
ADBE,2023-09-27,2023-10-10,0.4368683993738421,9,False,False
FICO,2023-10-04,2023-10-09,0.7231810446455202,3,False,False
UBER,2023-10-19,2023-11-02,0.6244272051203777,10,False,False
GE,2023-10-19,2023-10-24,0.7308953131296628,3,True,False
NVDA,2023-10-19,2023-11-03,0.3365018929541364,11,False,False
AMAT,2023-10-20,2023-11-06,0.3353616486966327,11,False,False
LRCX,2023-10-20,2023-11-03,0.3399821710468946,10,False,False
APP,2023-10-23,2023-11-07,0.6440920709580745,11,False,False
FICO,2023-10-26,2023-11-02,0.6808001633888101,5,False,False
CRH,2023-10-27,2023-11-01,0.857232779879581,3,False,False
RCL,2023-10-27,2023-11-03,0.8585475914556724,5,False,False
CPRT,2023-10-30,2023-11-02,0.5229161860922553,3,False,False
ADBE,2023-10-30,2023-11-01,0.5463745466032416,2,False,False
JBL,2023-11-30,2023-12-14,1.1801504964470575,10,False,False
APP,2023-12-07,2023-12-15,0.5262006898786741,6,False,False
ADBE,2024-01-05,2024-01-11,0.5524512715062094,4,False,False
DDOG,2024-03-18,2024-04-11,0.6560320312115315,17,False,False
DECK,2024-04-11,2024-05-15,0.8538711013687231,24,False,False
CRWD,2024-04-16,2024-05-06,0.4894951336494386,14,False,False
BLDR,2024-04-16,2024-05-03,0.7379158777873535,13,False,False
PLTR,2024-04-16,2024-05-06,0.978335093055778,14,False,False
KKR,2024-04-22,2024-04-23,0.4075259930547681,1,False,False
NVDA,2024-04-22,2024-04-26,0.6841334969523735,4,False,False
AVGO,2024-04-22,2024-04-26,0.8069081476226532,4,False,False
LLY,2024-04-22,2024-04-30,0.8098023272681294,6,False,False
DDOG,2024-04-22,2024-04-24,0.4711850226862211,2,False,False
AMAT,2024-04-22,2024-04-26,0.5283677877209998,4,False,False
NFLX,2024-04-22,2024-05-06,0.6392623160865941,10,False,False
PHM,2024-04-22,2024-04-23,0.6237320466107692,1,True,False
ERIE,2024-04-26,2024-05-06,0.4695481392864232,6,False,False
META,2024-04-26,2024-05-15,0.4983554633525575,13,False,False
BLDR,2024-05-01,2024-05-03,0.5917531868614665,2,True,False
FLEX,2024-05-02,2024-05-06,0.9571734034226168,2,False,False
DASH,2024-05-03,2024-06-11,-0.3568550680212012,26,False,False
AVGO,2024-05-03,2024-05-06,0.2667671235814281,1,False,False
COHR,2024-05-13,2024-05-16,0.5966703923559463,3,False,False
HOOD,2024-05-13,2024-05-14,0.4342951543855542,1,False,False
DECK,2024-05-14,2024-05-15,0.4435953739738097,1,False,False
ERIE,2024-05-24,2024-07-03,-0.9118499453532554,26,False,False
URI,2024-05-30,2024-07-09,-0.4348184522281491,26,False,False
FIX,2024-07-02,2024-07-11,0.5120575665875566,6,False,False
WSM,2024-07-02,2024-07-11,0.7136248334692481,6,False,False
EME,2024-07-03,2024-07-15,0.7234083722696956,7,False,False
ERIE,2024-07-10,2024-07-15,0.6997174693920746,3,False,False
NRG,2024-07-16,2024-08-08,0.1728891153722779,17,False,False
MU,2024-07-18,2024-08-23,-1.0,26,False,False
DELL,2024-07-18,2024-08-23,-0.9390848502481982,26,False,False
EME,2024-07-18,2024-07-23,0.3135991571559191,3,False,False
CRWD,2024-07-22,2024-08-27,-0.5207983659727061,26,False,False
AVGO,2024-07-31,2024-07-31,0.3704417201672803,0,False,False
NVDA,2024-07-31,2024-08-15,0.4282602503900405,11,False,False
EME,2024-08-05,2024-08-15,0.9032307116102064,8,False,False
WSM,2024-08-23,2024-09-13,0.4637388111702503,14,False,False
CEG,2024-09-04,2024-09-11,0.2750648321535436,5,False,False
DECK,2024-09-09,2024-09-11,0.3812848378575318,2,False,False
MMM,2024-10-24,2024-11-06,0.6824924087083575,9,False,False
DVA,2024-10-31,2024-11-12,0.7952372136948156,8,False,False
GE,2024-11-01,2024-11-06,0.3723838745577714,3,False,False
IRM,2024-11-15,2024-11-25,0.5603576677328062,6,False,False
ANET,2024-11-19,2024-11-21,0.6521132148958323,2,False,False
GE,2024-12-06,2025-01-14,0.0805877991519708,24,False,False
IRM,2024-12-10,2025-01-21,-0.4272780704847573,26,False,False
ORCL,2024-12-17,2025-01-22,0.6852040857518631,22,False,False
NVDA,2024-12-18,2024-12-23,0.3238592874556605,3,False,False
FICO,2024-12-19,2025-01-30,-1.0,26,False,False
CEG,2024-12-19,2025-01-02,0.3110371559235567,8,False,False
EME,2024-12-19,2025-01-14,0.3915296835777049,15,False,False
KKR,2024-12-19,2024-12-24,0.2975487083403347,3,False,False
TRGP,2024-12-19,2025-01-03,0.5669905514665297,9,False,False
ECHO,2024-12-19,2025-01-15,0.5761608140374278,16,False,False
CVNA,2024-12-30,2025-01-16,0.5499715659569233,11,False,False
VRT,2025-01-02,2025-01-03,0.5946678270796123,1,False,False
AXON,2025-01-08,2025-01-28,0.7790510924397073,12,False,False
APO,2025-01-13,2025-01-24,1.0476742913071533,8,False,False
COHR,2025-01-13,2025-01-21,0.9772017215388248,5,False,False
KKR,2025-01-13,2025-01-16,0.8213481253029056,3,False,False
TPL,2025-01-27,2025-02-10,0.165523162436892,10,False,False
TSLA,2025-02-07,2025-03-18,-1.0,26,False,False
KMI,2025-02-13,2025-03-17,0.3265687059046556,21,False,False
KMI,2025-02-24,2025-03-17,0.3207047397937716,15,False,False
UAL,2025-02-28,2025-04-07,-1.0,26,False,False
RCL,2025-03-05,2025-04-10,-1.0,26,False,False
TKO,2025-03-05,2025-03-24,0.2647135467514798,13,False,False
PODD,2025-03-07,2025-03-24,0.5002972733930324,11,False,False
IBKR,2025-03-07,2025-04-14,-0.8307188135374971,26,False,False
TRGP,2025-03-07,2025-03-19,0.79846752915589,8,False,False
ECHO,2025-03-11,2025-04-16,-0.9735055734876178,26,False,False
TPR,2025-03-11,2025-04-16,-1.0,26,False,False
FOX,2025-03-14,2025-03-25,0.8698767079504669,7,False,False
TPR,2025-03-28,2025-05-02,-0.0432633733295734,24,False,False
ECHO,2025-03-31,2025-05-07,-0.3219177412213991,26,False,False
FOXA,2025-04-04,2025-05-12,0.1755873293570169,25,False,False
FOX,2025-04-04,2025-05-12,0.1737318277706019,25,False,False
PODD,2025-04-07,2025-05-05,0.5155977974924882,19,False,False
TKO,2025-04-07,2025-04-24,1.1155855372764032,12,False,False
HWM,2025-04-07,2025-04-09,1.248663276874412,2,False,False
NI,2025-04-07,2025-04-14,0.7363161102731834,5,False,False
ETR,2025-04-07,2025-04-15,0.7784622806509602,6,False,False
KMI,2025-04-07,2025-04-15,0.945512031122811,6,False,False
WELL,2025-04-08,2025-04-28,0.3534079352052412,13,False,False
PODD,2025-04-23,2025-05-05,0.1613897687679544,8,False,False
GILD,2025-05-06,2025-05-19,0.2762731789618473,9,False,False
TMUS,2025-05-12,2025-06-18,-0.7968087380707661,26,False,False
NRG,2025-07-17,2025-07-23,0.6835034056135829,4,False,False
PM,2025-07-23,2025-08-20,0.4762317498740955,20,False,False
NFLX,2025-07-24,2025-08-14,0.3736059705609432,15,False,False
HWM,2025-08-18,2025-09-10,0.5820020377762642,16,False,False
NRG,2025-08-22,2025-09-10,0.5267681902824779,12,False,False
JBL,2025-09-02,2025-09-18,1.1141478608493918,12,False,False
CEG,2025-09-03,2025-09-12,0.5475276633758995,7,False,False
ORCL,2025-09-04,2025-09-08,0.5573032665625692,2,True,False
AXON,2025-09-04,2025-09-18,0.3152375417574053,10,False,False
VRT,2025-09-09,2025-09-10,0.775718574858942,1,False,False
AXON,2025-09-25,2025-10-24,0.230586613619677,21,False,False
UAL,2025-10-02,2025-10-09,0.6480736575777029,5,False,False
NFLX,2025-10-06,2025-10-08,0.4938297748360901,2,False,False
JBL,2025-10-06,2025-10-24,0.0737740131331814,14,False,False
CVNA,2025-10-13,2025-10-28,0.4223642636988466,11,False,False
TPR,2025-11-07,2025-11-26,0.7237590513351367,13,False,False
PLTR,2025-11-20,2025-12-05,0.2383448078854077,10,False,False
GE,2025-11-24,2025-12-12,0.3610351852173925,13,False,False
APH,2025-12-18,2025-12-19,0.3307907790807523,1,False,False
NRG,2025-12-18,2026-01-02,0.4893776383844881,9,False,False
IDXX,2026-01-05,2026-01-06,0.6279788842736166,1,False,False
PLTR,2026-01-05,2026-01-07,0.2231069284125879,2,False,False
GOOG,2026-02-17,2026-03-25,-0.6085811041013268,26,False,False
GOOGL,2026-02-17,2026-03-25,-0.5416734998761491,26,False,False
GM,2026-03-03,2026-04-09,0.0617816871769815,26,False,False
GOOGL,2026-03-04,2026-04-08,0.5138030304375693,24,False,False
CMI,2026-03-09,2026-04-08,1.114306951973001,21,False,False
LRCX,2026-03-09,2026-03-17,0.88680317713799,6,False,False
ECHO,2026-03-09,2026-03-25,0.538921334879296,12,False,False
KLAC,2026-03-09,2026-03-10,0.5455977330281747,1,False,False
WBD,2026-03-13,2026-04-21,-0.2478696583514606,26,False,False
DG,2026-03-13,2026-04-21,-0.9254354208161404,26,False,False
ULTA,2026-03-13,2026-04-21,-0.1171209260382491,26,False,False
NEM,2026-03-16,2026-04-07,0.2618075643321683,15,False,False
CHRW,2026-03-16,2026-04-16,0.2652885218698229,22,False,False
CAH,2026-03-23,2026-04-29,-0.5643840414525105,26,False,False
HII,2026-03-27,2026-05-05,-1.0,26,False,False
HAS,2026-03-27,2026-04-17,0.7675542273375021,14,False,False
CAT,2026-03-31,2026-04-01,0.6068437908417698,1,False,False
MPWR,2026-03-31,2026-04-06,1.1550321043543368,3,False,False
HAS,2026-04-22,2026-04-23,0.4252874627850835,1,False,False
TPR,2026-05-05,2026-05-06,0.4405404090657316,1,True,False
CHRW,2026-05-05,2026-05-19,0.2843937753643554,10,False,False
CHRW,2026-05-14,2026-05-19,0.2896890996232005,3,False,False
ALB,2026-05-22,2026-07-01,-1.0,26,False,False
APA,2026-05-29,2026-07-08,-0.3271584009700443,26,False,False
MRNA,2026-06-02,2026-06-04,0.7984029523355074,2,False,False
ALB,2026-06-02,2026-07-10,-1.0,26,False,False
WBD,2026-06-08,2026-06-24,0.5553642844132626,11,False,False
VRT,2026-06-11,2026-06-18,1.0076705715822274,5,False,False
EME,2026-06-11,2026-06-22,0.8413619581337177,6,False,False
APA,2026-06-16,2026-07-21,0.2347478460219623,23,False,False
GOOGL,2026-06-23,2026-07-15,0.6923733333845482,15,False,False
GOOG,2026-06-24,2026-07-15,0.460082101015033,14,False,False
ROST,2026-06-26,2026-07-15,0.3526212533407617,12,False,False
NUE,2026-07-01,2026-07-23,0.7140505991817107,15,False,False
KEYS,2026-07-06,2026-08-04,0.3464508673316991,21,False,False
WBD,2026-07-07,2026-07-13,0.3424744476204847,4,False,False
GOOGL,2026-07-14,2026-07-15,0.5032598264285565,1,False,False
GOOG,2026-07-14,2026-07-15,0.5233994186291987,1,False,False
STLD,2026-07-21,2026-07-24,0.2286686240408216,3,False,False
FDX,2026-08-03,2026-08-10,0.5814005256594541,5,False,False
JBHT,2026-08-07,2026-08-13,0.4885791796590934,4,False,False
STLD,2026-08-20,2026-09-02,0.6368833210034255,9,False,False
ADI,2026-08-21,2026-09-08,-0.4415478561084477,11,False,False
CSCO,2026-08-21,2026-09-08,-0.2997359485687481,11,False,False
KEYS,2026-08-25,2026-09-08,0.2375808906762091,9,False,False
JBHT,2026-08-25,2026-09-08,0.3337502766722314,9,False,False
